id,first_name,last_name,email,gender,job_title
1,Donnie,Mirfield,dmirfield0@flickr.com,Genderqueer,Staff Accountant I
2,Tedd,Giacomelli,tgiacomelli1@merriam-webster.com,Male,Human Resources Manager
3,Jone,Jesson,jjesson2@devhub.com,Male,Help Desk Operator
4,Arv,Trickett,atrickett3@salon.com,Male,Marketing Manager
5,Annetta,Jacobsohn,ajacobsohn4@edublogs.org,Female,Business Systems Development Analyst
6,Craggie,Mapes,cmapes5@last.fm,Male,Mechanical Systems Engineer
7,Alexandr,Whitehorn,awhitehorn6@blinklist.com,Male,Accountant III
8,Dolph,Maidlow,dmaidlow7@miitbeian.gov.cn,Male,Compensation Analyst
9,Audrie,Deetlefs,adeetlefs8@aboutads.info,Female,Safety Technician II
10,Lynnelle,Filipic,lfilipic9@freewebs.com,Female,Marketing Assistant
11,Marcela,Bollin,mbollina@yahoo.com,Female,Junior Executive
12,Robbin,Edworthye,redworthyeb@devhub.com,Female,Quality Engineer
13,Dahlia,M'Barron,dmbarronc@g.co,Female,Operator
14,Jacquie,Pietron,jpietrond@jigsy.com,Female,General Manager
15,Giorgia,Sibbs,gsibbse@auda.org.au,Female,Senior Sales Associate
16,Dotti,Stevens,dstevensf@apple.com,Female,Research Nurse
17,Tiffi,Tilley,ttilleyg@bbc.co.uk,Female,VP Sales
18,Brand,Brookwell,bbrookwellh@about.me,Male,Staff Scientist
19,Gussi,Mouget,gmougeti@addtoany.com,Genderfluid,Data Coordinator
20,Deeann,Ivain,divainj@123-reg.co.uk,Female,Account Coordinator
21,Tami,Mehmet,tmehmetk@quantcast.com,Female,Computer Systems Analyst III
22,Bernardina,Irvin,birvinl@ucla.edu,Genderfluid,Clinical Specialist
23,Euphemia,Tanman,etanmanm@diigo.com,Female,Analyst Programmer
24,Gardner,Burgot,gburgotn@deviantart.com,Male,Senior Cost Accountant
25,Dorthea,Eighteen,deighteeno@prlog.org,Polygender,Dental Hygienist
26,Karlotta,Polden,kpoldenp@reddit.com,Female,Web Designer III
27,Hamish,Lockitt,hlockittq@java.com,Male,VP Quality Control
28,Morrie,Bouttell,mbouttellr@shutterfly.com,Male,Geologist III
29,Bryant,Keetch,bkeetchs@plala.or.jp,Male,Executive Secretary
30,Adelbert,Barby,abarbyt@google.com.hk,Male,Nurse
31,Gisela,Dethloff,gdethloffu@nydailynews.com,Female,Tax Accountant
32,Keely,Van Leeuwen,kvanleeuwenv@4shared.com,Female,VP Marketing
33,Simmonds,Sansum,ssansumw@4shared.com,Male,Marketing Assistant
34,Antonino,Lamy,alamyx@seattletimes.com,Male,Graphic Designer
35,Thomas,Skeffington,tskeffingtony@quantcast.com,Male,Media Manager IV
36,Wandie,Willman,wwillmanz@jimdo.com,Female,Speech Pathologist
37,Stanislas,O' Dooley,sodooley10@cloudflare.com,Male,Safety Technician I
38,Everard,Whittlesey,ewhittlesey11@unicef.org,Male,Budget/Accounting Analyst II
39,Samson,Pott,spott12@list-manage.com,Male,Help Desk Technician
40,Netta,Deverille,ndeverille13@hibu.com,Female,Automation Specialist II
41,Dominica,Ricold,dricold14@mozilla.com,Female,General Manager
42,Vaughan,Isakovic,visakovic15@google.de,Male,Food Chemist
43,Ilse,Allen,iallen16@unblog.fr,Female,Environmental Specialist
44,Kev,Lawtey,klawtey17@shutterfly.com,Male,Account Representative IV
45,Roda,Milburn,rmilburn18@photobucket.com,Female,Data Coordinator
46,Clovis,Gilder,cgilder19@opera.com,Female,Help Desk Operator
47,Zackariah,Routledge,zroutledge1a@blog.com,Male,Staff Scientist
48,Hurley,Mattingly,hmattingly1b@adobe.com,Male,VP Sales
49,Christy,Cavanagh,ccavanagh1c@netlog.com,Female,Information Systems Manager
50,Enrico,Antonucci,eantonucci1d@jimdo.com,Male,Operator
51,Barry,Allin,ballin1e@latimes.com,Male,Marketing Assistant
52,Michail,Chatel,mchatel1f@amazon.de,Male,VP Accounting
53,Zenia,Chalfain,zchalfain1g@hibu.com,Female,Statistician IV
54,Gertrude,Ragles,gragles1h@amazon.co.jp,Female,Senior Editor
55,Glyn,Kahan,gkahan1i@homestead.com,Female,Editor
56,Marius,Oret,moret1j@mayoclinic.com,Male,Human Resources Manager
57,Corbin,McTrustram,cmctrustram1k@mysql.com,Male,Administrative Assistant IV
58,Cody,McAusland,cmcausland1l@wikipedia.org,Male,Account Executive
59,Minta,Beadham,mbeadham1m@google.com.au,Female,Marketing Manager
60,Farica,Ferrea,fferrea1n@hp.com,Female,Developer I
61,Cullie,Hanbury,chanbury1o@woothemes.com,Male,VP Sales
62,Dana,Keith,dkeith1p@topsy.com,Female,Developer IV
63,Armand,Shere,ashere1q@hugedomains.com,Male,Office Assistant I
64,Candi,Botterill,cbotterill1r@posterous.com,Female,Registered Nurse
65,Jocelyne,Taffie,jtaffie1s@t-online.de,Female,Research Nurse
66,Clari,Allflatt,callflatt1t@cloudflare.com,Female,Administrative Officer
67,Roscoe,Djurisic,rdjurisic1u@dropbox.com,Male,Pharmacist
68,Minerva,Broughton,mbroughton1v@bluehost.com,Female,Speech Pathologist
69,Bria,Baxill,bbaxill1w@163.com,Female,Software Engineer IV
70,Kerwin,Braferton,kbraferton1x@go.com,Polygender,Automation Specialist IV
71,Robinetta,Curneen,rcurneen1y@t.co,Female,Account Coordinator
72,Artie,Itzkovwich,aitzkovwich1z@thetimes.co.uk,Male,Business Systems Development Analyst
73,Carrol,Dawtre,cdawtre20@shareasale.com,Male,Senior Financial Analyst
74,Winnah,Armour,warmour21@4shared.com,Female,Software Test Engineer IV
75,Morey,Cripin,mcripin22@twitter.com,Male,Staff Scientist
76,Morry,Bradnum,mbradnum23@mozilla.com,Male,Quality Engineer
77,Josias,Jachimak,jjachimak24@whitehouse.gov,Genderqueer,Staff Scientist
78,Karoly,Gipson,kgipson25@ucsd.edu,Male,Office Assistant IV
79,Janey,Peers,jpeers26@wufoo.com,Female,Staff Scientist
80,Edlin,Casella,ecasella27@squarespace.com,Male,Administrative Officer
81,Bartram,Matfield,bmatfield28@reference.com,Male,Sales Representative
82,Reece,Crowcum,rcrowcum29@accuweather.com,Male,Engineer III
83,Elka,Stiller,estiller2a@i2i.jp,Female,Design Engineer
84,Magnum,Bagot,mbagot2b@desdev.cn,Male,Web Designer IV
85,Querida,Passion,qpassion2c@123-reg.co.uk,Female,Programmer IV
86,Massimo,Coton,mcoton2d@narod.ru,Male,Software Test Engineer III
87,Demeter,Lipson,dlipson2e@cyberchimps.com,Female,Civil Engineer
88,Tudor,Brimilcombe,tbrimilcombe2f@feedburner.com,Male,Information Systems Manager
89,Adriane,Roebottom,aroebottom2g@printfriendly.com,Female,Administrative Assistant II
90,Cad,Bouller,cbouller2h@paginegialle.it,Male,Junior Executive
91,Tally,Salsbury,tsalsbury2i@foxnews.com,Female,Editor
92,Morgan,Crosston,mcrosston2j@abc.net.au,Male,Human Resources Assistant IV
93,Ky,Blaschek,kblaschek2k@unc.edu,Male,Marketing Manager
94,Francesco,Alliot,falliot2l@cpanel.net,Male,Desktop Support Technician
95,Cora,Sijmons,csijmons2m@slashdot.org,Female,Web Designer IV
96,Kienan,Lieb,klieb2n@who.int,Male,Actuary
97,Troy,Bellefonte,tbellefonte2o@businesswire.com,Male,Environmental Tech
98,Thomasa,Painten,tpainten2p@g.co,Female,Speech Pathologist
99,Josiah,Hurford,jhurford2q@is.gd,Male,GIS Technical Architect
100,Neils,Wiffler,nwiffler2r@cocolog-nifty.com,Male,Civil Engineer
101,Trish,Veare,tveare2s@smh.com.au,Female,Research Associate
102,Laurie,Schall,lschall2t@businessinsider.com,Female,Nuclear Power Engineer
103,Sam,Iannuzzi,siannuzzi2u@nytimes.com,Female,Accounting Assistant III
104,Aurelie,Bottle,abottle2v@sfgate.com,Female,VP Accounting
105,Sigfried,Redsull,sredsull2w@discuz.net,Male,Research Nurse
106,Ashbey,Yezafovich,ayezafovich2x@domainmarket.com,Male,Account Coordinator
107,Nessa,Domegan,ndomegan2y@moonfruit.com,Female,Account Representative II
108,Kingsley,Biddiss,kbiddiss2z@walmart.com,Polygender,Compensation Analyst
109,Granville,Frazier,gfrazier30@unicef.org,Male,VP Product Management
110,Rhianna,Scrimshaw,rscrimshaw31@w3.org,Female,Teacher
111,Aluin,Pooly,apooly32@yandex.ru,Male,Occupational Therapist
112,Patten,Habbijam,phabbijam33@opera.com,Male,Paralegal
113,Case,Loughan,cloughan34@gmpg.org,Male,Human Resources Manager
114,Conrad,Anfrey,canfrey35@hc360.com,Male,Pharmacist
115,Washington,Noar,wnoar36@photobucket.com,Male,Administrative Assistant I
116,Noelani,Rickertsen,nrickertsen37@yolasite.com,Female,Marketing Assistant
117,Mendy,Cluer,mcluer38@about.me,Male,Nurse
118,Mimi,Driver,mdriver39@reuters.com,Female,Librarian
119,Zia,Enterle,zenterle3a@businessweek.com,Female,Product Engineer
120,Barret,Siveter,bsiveter3b@cdbaby.com,Genderfluid,Clinical Specialist
121,Terry,Feveryear,tfeveryear3c@netvibes.com,Female,Sales Associate
122,Lamar,Magnus,lmagnus3d@va.gov,Male,Community Outreach Specialist
123,Livvie,Quilligan,lquilligan3e@princeton.edu,Female,Project Manager
124,Stinky,Fratczak,sfratczak3f@google.co.jp,Male,Safety Technician I
125,Hamid,Ponsford,hponsford3g@oakley.com,Male,Senior Financial Analyst
126,Dedie,Joriot,djoriot3h@engadget.com,Female,Registered Nurse
127,Georgiana,Kenworthey,gkenworthey3i@google.co.uk,Female,Quality Control Specialist
128,Bryan,Bengtson,bbengtson3j@sun.com,Male,Accountant II
129,Althea,Maffin,amaffin3k@sphinn.com,Female,Account Coordinator
130,Clarine,Leyninye,cleyninye3l@newyorker.com,Female,Senior Developer
131,Allie,Blinde,ablinde3m@mail.ru,Male,Structural Analysis Engineer
132,Grantham,Greeding,ggreeding3n@youtube.com,Male,Assistant Media Planner
133,Zondra,Tree,ztree3o@nasa.gov,Female,Electrical Engineer
134,Tracie,Haking,thaking3p@dell.com,Female,Research Assistant IV
135,Ynez,Bricket,ybricket3q@seesaa.net,Female,Chemical Engineer
136,Brennan,Hadigate,bhadigate3r@huffingtonpost.com,Male,Assistant Professor
137,Hube,Giacomozzo,hgiacomozzo3s@hatena.ne.jp,Male,Project Manager
138,Seamus,Orable,sorable3t@blogtalkradio.com,Male,Accounting Assistant IV
139,Myrah,Hadwick,mhadwick3u@japanpost.jp,Female,Analog Circuit Design manager
140,Gerome,McCaster,gmccaster3v@last.fm,Male,Senior Quality Engineer
141,Dagmar,Cornick,dcornick3w@cbsnews.com,Female,Account Representative III
142,Noll,Compford,ncompford3x@bing.com,Male,Junior Executive
143,Amelia,Avey,aavey3y@ed.gov,Female,Food Chemist
144,Lester,Itzkovich,litzkovich3z@reuters.com,Male,VP Accounting
145,Cori,Beacon,cbeacon40@marketwatch.com,Male,Software Test Engineer II
146,Chen,Drummond,cdrummond41@163.com,Male,Database Administrator II
147,Corella,Hardern,chardern42@businessweek.com,Female,Media Manager III
148,Dame,Stoak,dstoak43@un.org,Male,VP Quality Control
149,Raye,Espin,respin44@webs.com,Female,Dental Hygienist
150,Lacey,Paxton,lpaxton45@census.gov,Bigender,Account Representative II
151,Deni,Latch,dlatch46@lycos.com,Female,Occupational Therapist
152,Hyacinthie,Egglestone,hegglestone47@wsj.com,Female,Director of Sales
153,Robbi,Pizer,rpizer48@cbc.ca,Female,Quality Engineer
154,Guillema,Hurdman,ghurdman49@opera.com,Female,Food Chemist
155,Bonnie,Wynrehame,bwynrehame4a@berkeley.edu,Bigender,Analog Circuit Design manager
156,Titos,Archibold,tarchibold4b@skyrock.com,Male,Programmer I
157,Patience,Dudlestone,pdudlestone4c@cnn.com,Female,Nurse
158,Dunn,Bousquet,dbousquet4d@seattletimes.com,Male,Pharmacist
159,Osbourne,Rubenfeld,orubenfeld4e@ft.com,Male,Account Representative II
160,Lynelle,Hallick,lhallick4f@time.com,Female,Tax Accountant
161,Allister,Weddeburn - Scrimgeour,aweddeburnscrimgeour4g@globo.com,Male,Account Executive
162,Sauveur,Culp,sculp4h@google.it,Male,Operator
163,Ralph,Lesaunier,rlesaunier4i@princeton.edu,Male,Technical Writer
164,Winni,Climo,wclimo4j@webmd.com,Genderfluid,Automation Specialist III
165,Franny,Beverage,fbeverage4k@shareasale.com,Bigender,Tax Accountant
166,Gabriela,Bunworth,gbunworth4l@unc.edu,Female,Biostatistician III
167,Kath,Leamy,kleamy4m@a8.net,Female,Database Administrator I
168,Tristan,Abrahmovici,tabrahmovici4n@tamu.edu,Male,Programmer I
169,Nessie,Sepey,nsepey4o@t-online.de,Female,Cost Accountant
170,Marketa,Gummory,mgummory4p@tripod.com,Female,Payment Adjustment Coordinator
171,Giulio,Easey,geasey4q@nps.gov,Male,Programmer III
172,Artus,Munsey,amunsey4r@ycombinator.com,Non-binary,Quality Control Specialist
173,Gabi,Planks,gplanks4s@zdnet.com,Female,Systems Administrator IV
174,Antonietta,Huster,ahuster4t@hao123.com,Female,Cost Accountant
175,Trude,Piscopiello,tpiscopiello4u@newsvine.com,Female,Cost Accountant
176,Rosa,Stiell,rstiell4v@moonfruit.com,Polygender,Programmer Analyst III
177,Julita,Paling,jpaling4w@mysql.com,Female,Environmental Tech
178,Terrijo,Inold,tinold4x@ehow.com,Female,Accountant II
179,Agnes,Franzettoini,afranzettoini4y@livejournal.com,Female,Sales Associate
180,Stacia,Lowes,slowes4z@theglobeandmail.com,Female,Paralegal
181,Chrissie,Johanchon,cjohanchon50@uiuc.edu,Male,Software Engineer IV
182,Demetra,Woodfin,dwoodfin51@fema.gov,Female,Product Engineer
183,Vilhelmina,Merrell,vmerrell52@umich.edu,Female,Sales Associate
184,Nina,Forsaith,nforsaith53@shinystat.com,Female,VP Product Management
185,Benoite,Jobern,bjobern54@chronoengine.com,Agender,Senior Editor
186,Deny,McGonagle,dmcgonagle55@wunderground.com,Female,Tax Accountant
187,Sam,Sahlstrom,ssahlstrom56@smugmug.com,Non-binary,Programmer Analyst III
188,Tine,Clench,tclench57@wordpress.org,Female,Geologist III
189,Sonnnie,McGrory,smcgrory58@jigsy.com,Female,Account Coordinator
190,Donnajean,Corke,dcorke59@pagesperso-orange.fr,Female,Desktop Support Technician
191,Yurik,Crackel,ycrackel5a@parallels.com,Male,General Manager
192,Zachery,Marvelley,zmarvelley5b@blinklist.com,Male,VP Sales
193,Geordie,Dudney,gdudney5c@indiegogo.com,Male,Editor
194,Wilbert,Gommey,wgommey5d@chronoengine.com,Male,Internal Auditor
195,Bjorn,Feare,bfeare5e@jimdo.com,Male,Information Systems Manager
196,Ailsun,Perren,aperren5f@ameblo.jp,Female,Associate Professor
197,Issi,Treffry,itreffry5g@wikimedia.org,Female,Graphic Designer
198,Joshia,Bracey,jbracey5h@toplist.cz,Male,Recruiter
199,Artemis,Fipp,afipp5i@ustream.tv,Male,VP Marketing
200,Amandy,Pedreschi,apedreschi5j@mysql.com,Female,Community Outreach Specialist
201,Wilmar,Di Claudio,wdiclaudio5k@google.co.uk,Male,Analyst Programmer
202,Carlita,Boothe,cboothe5l@plala.or.jp,Female,Research Nurse
203,Mateo,Mullaney,mmullaney5m@ebay.com,Male,Product Engineer
204,Giffer,Gifford,ggifford5n@hexun.com,Male,Paralegal
205,Reynard,Pegden,rpegden5o@imageshack.us,Male,Assistant Professor
206,Obediah,Grisard,ogrisard5p@last.fm,Male,VP Product Management
207,Woodrow,O'Dunneen,wodunneen5q@mashable.com,Male,Senior Cost Accountant
208,Joscelin,Dee,jdee5r@netlog.com,Female,Senior Sales Associate
209,Boyce,Howler,bhowler5s@aol.com,Male,Environmental Tech
210,Bette-ann,Chinery,bchinery5t@sbwire.com,Female,Marketing Manager
211,Ashly,Lound,alound5u@miitbeian.gov.cn,Female,Executive Secretary
212,Philippa,Maybey,pmaybey5v@skyrock.com,Female,Quality Control Specialist
213,Gusti,Hedan,ghedan5w@aol.com,Female,Compensation Analyst
214,Virge,Clemenzo,vclemenzo5x@yahoo.com,Male,Tax Accountant
215,Natka,Beaconsall,nbeaconsall5y@twitpic.com,Female,Accounting Assistant IV
216,Florrie,Thexton,fthexton5z@mysql.com,Female,Human Resources Assistant IV
217,Dix,Fencott,dfencott60@howstuffworks.com,Female,Programmer Analyst III
218,Adam,Albro,aalbro61@nba.com,Male,Nuclear Power Engineer
219,Hilde,Piddlesden,hpiddlesden62@icq.com,Female,Chief Design Engineer
220,Sadye,Fransman,sfransman63@linkedin.com,Female,Systems Administrator IV
221,Georgeta,Crosen,gcrosen64@phoca.cz,Agender,Media Manager II
222,Salome,Meeny,smeeny65@sun.com,Female,Food Chemist
223,Clem,MacCaull,cmaccaull66@bigcartel.com,Female,Staff Scientist
224,Joelynn,Helliker,jhelliker67@weebly.com,Female,Tax Accountant
225,Homere,Aspinal,haspinal68@geocities.jp,Male,Social Worker
226,Patti,Mozzi,pmozzi69@comcast.net,Female,Product Engineer
227,Kessia,Braznell,kbraznell6a@hibu.com,Female,Programmer Analyst III
228,Ramona,Grayland,rgrayland6b@blogs.com,Female,Account Executive
229,Kimberly,Tylor,ktylor6c@springer.com,Female,Environmental Specialist
230,Carissa,Chittie,cchittie6d@usgs.gov,Female,Safety Technician II
231,Ansel,Harhoff,aharhoff6e@phpbb.com,Male,Project Manager
232,Georgie,Thon,gthon6f@weather.com,Female,Sales Associate
233,Gabe,Stern,gstern6g@dion.ne.jp,Male,Help Desk Technician
234,Gabriel,Wraight,gwraight6h@marriott.com,Female,Quality Control Specialist
235,Agathe,Lisett,alisett6i@g.co,Female,Geological Engineer
236,Carl,Wyndham,cwyndham6j@github.com,Male,Associate Professor
237,Jacquelin,Vallender,jvallender6k@dailymail.co.uk,Female,Civil Engineer
238,Kacy,Songhurst,ksonghurst6l@ovh.net,Female,GIS Technical Architect
239,Aldrich,Huddles,ahuddles6m@homestead.com,Male,Help Desk Operator
240,Hildegaard,Pitblado,hpitblado6n@rakuten.co.jp,Female,Senior Quality Engineer
241,Hurleigh,Gath,hgath6o@barnesandnoble.com,Male,Editor
242,Bendick,Irce,birce6p@hibu.com,Male,Senior Developer
243,Rex,Grinishin,rgrinishin6q@aboutads.info,Male,Community Outreach Specialist
244,Ronnica,Bampfield,rbampfield6r@icq.com,Female,Biostatistician I
245,Jeramie,Barendtsen,jbarendtsen6s@biblegateway.com,Male,Senior Quality Engineer
246,Patrica,Barthelme,pbarthelme6t@princeton.edu,Female,Systems Administrator III
247,Atalanta,Tacon,atacon6u@berkeley.edu,Female,Product Engineer
248,Ashlee,Crosland,acrosland6v@technorati.com,Female,Payment Adjustment Coordinator
249,Whitman,Rizzotto,wrizzotto6w@paypal.com,Male,Senior Editor
250,Nappie,Podd,npodd6x@cargocollective.com,Polygender,Executive Secretary
251,Angel,Godon,agodon6y@techcrunch.com,Male,Project Manager
252,Nahum,Pigeon,npigeon6z@phpbb.com,Male,Biostatistician IV
253,Rafaelita,Ockland,rockland70@un.org,Female,Analog Circuit Design manager
254,Leif,Cappell,lcappell71@quantcast.com,Male,Account Executive
255,Jeannie,Puckring,jpuckring72@google.com.hk,Female,Actuary
256,Anna-diane,Wormleighton,awormleighton73@home.pl,Female,Clinical Specialist
257,Bard,Mytton,bmytton74@unicef.org,Genderfluid,Software Test Engineer IV
258,Klaus,Couser,kcouser75@newyorker.com,Male,Sales Representative
259,Ingar,Gallego,igallego76@yellowpages.com,Male,Software Test Engineer III
260,Devon,Itzkovwitch,ditzkovwitch77@prweb.com,Female,Assistant Manager
261,Rudolfo,Thornebarrow,rthornebarrow78@bravesites.com,Male,Geologist III
262,Davin,Pidgen,dpidgen79@gnu.org,Male,Recruiting Manager
263,Tally,Boylund,tboylund7a@dmoz.org,Female,VP Product Management
264,Pris,Herrero,pherrero7b@census.gov,Female,VP Sales
265,Kelsey,Lumsdale,klumsdale7c@reddit.com,Polygender,Internal Auditor
266,Waldo,Burgoyne,wburgoyne7d@mediafire.com,Male,Senior Editor
267,Nikolia,Branni,nbranni7e@phpbb.com,Genderqueer,Tax Accountant
268,Godfrey,Mouton,gmouton7f@java.com,Male,Graphic Designer
269,Mel,Hamfleet,mhamfleet7g@dot.gov,Male,Environmental Specialist
270,Carlota,Kyte,ckyte7h@bigcartel.com,Female,Web Designer III
271,Maxine,Kinch,mkinch7i@auda.org.au,Female,Accounting Assistant II
272,Deanna,Litel,dlitel7j@squarespace.com,Polygender,Senior Cost Accountant
273,Leyla,Winnister,lwinnister7k@xrea.com,Female,Dental Hygienist
274,Sadie,Mate,smate7l@google.cn,Female,Software Consultant
275,Chrysa,Douberday,cdouberday7m@opera.com,Female,Graphic Designer
276,Virgilio,Wraggs,vwraggs7n@unicef.org,Male,Software Engineer III
277,Aggie,Geke,ageke7o@zdnet.com,Genderfluid,Account Coordinator
278,Iver,Janssens,ijanssens7p@phoca.cz,Male,Civil Engineer
279,Babs,Wanstall,bwanstall7q@smugmug.com,Female,Operator
280,Lesli,Dahlen,ldahlen7r@free.fr,Female,Legal Assistant
281,Arnoldo,Baison,abaison7s@washingtonpost.com,Male,Recruiter
282,Basil,Butteris,bbutteris7t@dailymotion.com,Male,Physical Therapy Assistant
283,Gay,Budgett,gbudgett7u@vinaora.com,Male,Desktop Support Technician
284,Diane,Havercroft,dhavercroft7v@wikispaces.com,Female,Software Consultant
285,Kermy,Rosas,krosas7w@pcworld.com,Male,Analog Circuit Design manager
286,Ives,Ballham,iballham7x@over-blog.com,Male,Assistant Professor
287,Jethro,Denholm,jdenholm7y@dedecms.com,Male,Mechanical Systems Engineer
288,Carrissa,Roscamp,croscamp7z@homestead.com,Female,Chief Design Engineer
289,Gwynne,Ettritch,gettritch80@amazonaws.com,Female,Engineer III
290,Cozmo,Beamand,cbeamand81@yellowbook.com,Genderfluid,Research Associate
291,Cass,Dresser,cdresser82@people.com.cn,Male,Environmental Tech
292,Lin,Maruska,lmaruska83@dmoz.org,Female,Database Administrator III
293,Erie,Warrell,ewarrell84@printfriendly.com,Male,Registered Nurse
294,Arabelle,Boynton,aboynton85@plala.or.jp,Agender,Assistant Media Planner
295,Eugine,Ridd,eridd86@sfgate.com,Female,Quality Control Specialist
296,Shay,Wiley,swiley87@fotki.com,Male,Financial Advisor
297,Stan,Benedek,sbenedek88@soundcloud.com,Male,Recruiting Manager
298,Welsh,Trolley,wtrolley89@uol.com.br,Male,Assistant Professor
299,Adaline,Jozsa,ajozsa8a@digg.com,Female,Senior Sales Associate
300,Nisse,Huxley,nhuxley8b@pbs.org,Female,Design Engineer
301,Scot,Rowsel,srowsel8c@ehow.com,Male,Accounting Assistant III
302,Penelope,McPaik,pmcpaik8d@blogger.com,Female,Sales Representative
303,Caryl,Snailham,csnailham8e@fema.gov,Female,Software Engineer I
304,Trstram,Terron,tterron8f@hhs.gov,Male,Internal Auditor
305,Farrel,Bahike,fbahike8g@shinystat.com,Male,Environmental Specialist
306,Augie,Cornthwaite,acornthwaite8h@istockphoto.com,Male,VP Product Management
307,Nomi,Vedyasov,nvedyasov8i@tinypic.com,Bigender,VP Accounting
308,Cindy,Clere,cclere8j@networksolutions.com,Female,Payment Adjustment Coordinator
309,Sigrid,Asbrey,sasbrey8k@washington.edu,Female,Media Manager III
310,Nil,Stair,nstair8l@edublogs.org,Male,Speech Pathologist
311,Herby,Linturn,hlinturn8m@netscape.com,Polygender,Marketing Manager
312,Lek,Eixenberger,leixenberger8n@a8.net,Male,Biostatistician IV
313,Stevena,Cupper,scupper8o@reverbnation.com,Female,Help Desk Operator
314,Wileen,MacGilmartin,wmacgilmartin8p@nyu.edu,Non-binary,Data Coordinator
315,Dix,Tripon,dtripon8q@biglobe.ne.jp,Female,Senior Editor
316,Abbie,Bolles,abolles8r@google.de,Female,Recruiter
317,Darlleen,Bleby,dbleby8s@nps.gov,Female,Senior Quality Engineer
318,Hyacinth,Ligoe,hligoe8t@gizmodo.com,Female,Software Engineer II
319,Ettore,Mapson,emapson8u@tinypic.com,Male,Information Systems Manager
320,Marcile,Lotherington,mlotherington8v@opensource.org,Female,Account Coordinator
321,Genia,Cockell,gcockell8w@ocn.ne.jp,Female,Information Systems Manager
322,Karee,Challice,kchallice8x@bloglines.com,Female,Account Executive
323,Raymund,Eastwell,reastwell8y@360.cn,Male,Cost Accountant
324,Reynolds,Gruczka,rgruczka8z@weebly.com,Male,Geological Engineer
325,Angel,Serotsky,aserotsky90@unblog.fr,Male,General Manager
326,Avril,Gummie,agummie91@sphinn.com,Female,Sales Associate
327,Chiquita,Epgrave,cepgrave92@1688.com,Female,Tax Accountant
328,Cindi,Mechan,cmechan93@wsj.com,Female,Programmer I
329,Samuele,Phillins,sphillins94@acquirethisname.com,Male,Cost Accountant
330,Sunny,Lott,slott95@jalbum.net,Female,Research Assistant II
331,Logan,MacIntosh,lmacintosh96@examiner.com,Male,Database Administrator II
332,Ilsa,Yetton,iyetton97@foxnews.com,Female,Senior Sales Associate
333,Saw,Paulucci,spaulucci98@eepurl.com,Genderqueer,Web Developer IV
334,Sascha,Dunbobin,sdunbobin99@angelfire.com,Polygender,Senior Developer
335,Pascal,Petschel,ppetschel9a@cbslocal.com,Male,Editor
336,Lem,Bernardo,lbernardo9b@census.gov,Male,Account Representative II
337,Kimble,Lumpkin,klumpkin9c@nytimes.com,Male,VP Sales
338,Uriah,Southwood,usouthwood9d@digg.com,Male,Systems Administrator II
339,Cecile,Revie,crevie9e@bloglovin.com,Female,Developer III
340,Vern,Hedon,vhedon9f@blog.com,Male,VP Quality Control
341,Merrill,Kighly,mkighly9g@chronoengine.com,Male,Community Outreach Specialist
342,Melosa,Pimblott,mpimblott9h@accuweather.com,Female,Research Assistant I
343,Phyllida,Olivelli,polivelli9i@auda.org.au,Female,Pharmacist
344,Corny,Wones,cwones9j@tiny.cc,Male,Engineer III
345,Nerita,Grave,ngrave9k@xing.com,Female,Professor
346,Leeann,Buie,lbuie9l@phoca.cz,Female,Recruiter
347,Ave,Tomicki,atomicki9m@wordpress.com,Male,Software Engineer III
348,Aprilette,Bellingham,abellingham9n@nbcnews.com,Female,Business Systems Development Analyst
349,Brianne,Shurmer,bshurmer9o@bbc.co.uk,Female,Staff Accountant IV
350,Moyra,Kalkofer,mkalkofer9p@cocolog-nifty.com,Female,Pharmacist
351,Shannen,Sheircliffe,ssheircliffe9q@paginegialle.it,Female,Nurse
352,Helli,Ringham,hringham9r@elegantthemes.com,Female,Systems Administrator IV
353,Merle,Wakeling,mwakeling9s@163.com,Female,Sales Associate
354,Grove,Cakebread,gcakebread9t@purevolume.com,Male,Librarian
355,Keelby,Dyhouse,kdyhouse9u@yahoo.co.jp,Male,Business Systems Development Analyst
356,Chase,Hearon,chearon9v@reference.com,Male,Graphic Designer
357,Dyana,Hellikes,dhellikes9w@tinyurl.com,Female,Account Coordinator
358,Emmeline,Pina,epina9x@symantec.com,Female,Cost Accountant
359,Mitchael,Standage,mstandage9y@ucoz.com,Male,Senior Quality Engineer
360,Cobby,Semorad,csemorad9z@mapquest.com,Male,Budget/Accounting Analyst II
361,Iolande,Keri,ikeria0@creativecommons.org,Female,Electrical Engineer
362,Wald,Brimm,wbrimma1@amazon.com,Male,Actuary
363,Sonnie,Featherstonhaugh,sfeatherstonhaugha2@cam.ac.uk,Female,Senior Editor
364,Elsworth,Lorans,eloransa3@epa.gov,Agender,Dental Hygienist
365,Arin,Bridgstock,abridgstocka4@last.fm,Male,Nuclear Power Engineer
366,Tedd,Atheis,tatheisa5@yolasite.com,Male,Assistant Manager
367,Penny,Cunniff,pcunniffa6@patch.com,Female,Account Representative I
368,Clemmie,Marshallsay,cmarshallsaya7@google.es,Female,Help Desk Technician
369,Chaim,Dowtry,cdowtrya8@tripod.com,Male,Developer II
370,Kristofor,Kemmons,kkemmonsa9@wordpress.org,Male,Registered Nurse
371,Sydney,Silliman,ssillimanaa@webnode.com,Male,VP Accounting
372,Elizabeth,Nitto,enittoab@weather.com,Female,Help Desk Technician
373,Elbertina,Dibdall,edibdallac@furl.net,Female,VP Accounting
374,Sheffie,Windrum,swindrumad@google.co.jp,Male,Senior Quality Engineer
375,Daryle,Romanetti,dromanettiae@list-manage.com,Male,Senior Quality Engineer
376,Arnaldo,Sutherden,asutherdenaf@github.io,Genderfluid,Programmer II
377,Kania,Towsie,ktowsieag@ucsd.edu,Female,Editor
378,Chico,Pinney,cpinneyah@yale.edu,Male,VP Quality Control
379,Aguistin,Jacquemet,ajacquemetai@gov.uk,Male,Accounting Assistant I
380,Gracie,Zollner,gzollneraj@newyorker.com,Female,Account Representative IV
381,Ingrid,Chang,ichangak@mapy.cz,Female,Structural Analysis Engineer
382,Philly,Babb,pbabbal@yelp.com,Female,VP Quality Control
383,Marcella,Lovart,mlovartam@example.com,Female,Safety Technician IV
384,Antoine,O'Ruane,aoruanean@comcast.net,Male,Safety Technician IV
385,Marja,Spada,mspadaao@amazon.co.jp,Female,Administrative Officer
386,Bathsheba,Kiddell,bkiddellap@about.me,Female,Design Engineer
387,Daisy,Bridgewood,dbridgewoodaq@godaddy.com,Female,Legal Assistant
388,Truman,Ashpital,tashpitalar@hibu.com,Male,Teacher
389,Rafa,Brickwood,rbrickwoodas@ning.com,Female,Geological Engineer
390,Nikolas,Lys,nlysat@aboutads.info,Male,Help Desk Technician
391,Pepi,Adderley,padderleyau@tuttocitta.it,Female,Chemical Engineer
392,Roxi,Pellissier,rpellissierav@bloglines.com,Female,Software Consultant
393,Ginger,Thirkettle,gthirkettleaw@nasa.gov,Female,Sales Representative
394,Rennie,Deeny,rdeenyax@japanpost.jp,Female,Software Test Engineer II
395,Tate,Smallacombe,tsmallacombeay@elegantthemes.com,Female,Recruiter
396,Teodorico,Howgate,thowgateaz@opensource.org,Male,Staff Accountant III
397,Reyna,Hamerton,rhamertonb0@salon.com,Female,Recruiter
398,Aldrich,Oakhill,aoakhillb1@sourceforge.net,Male,Research Associate
399,Harry,Insworth,hinsworthb2@auda.org.au,Male,Account Coordinator
400,Rosemarie,Sheach,rsheachb3@yellowpages.com,Female,Librarian
401,Sonny,Vesco,svescob4@earthlink.net,Male,Technical Writer
402,Eward,Sansbury,esansburyb5@vkontakte.ru,Male,Marketing Manager
403,Winona,Carnoghan,wcarnoghanb6@a8.net,Female,Automation Specialist IV
404,Reed,Tackley,rtackleyb7@pinterest.com,Male,Mechanical Systems Engineer
405,Ekaterina,Chisolm,echisolmb8@blogger.com,Female,Senior Quality Engineer
406,Hymie,Pendreigh,hpendreighb9@vistaprint.com,Male,VP Product Management
407,Gratiana,Emms,gemmsba@newsvine.com,Female,Assistant Manager
408,Erastus,Giraths,egirathsbb@qq.com,Bigender,General Manager
409,Monte,Graybeal,mgraybealbc@telegraph.co.uk,Male,Media Manager IV
410,Gusta,Le febre,glefebrebd@soup.io,Female,Executive Secretary
411,Laurie,Fullerlove,lfullerlovebe@yale.edu,Male,Staff Scientist
412,Mitch,Templman,mtemplmanbf@list-manage.com,Male,VP Marketing
413,Maria,Enns,mennsbg@arstechnica.com,Agender,Physical Therapy Assistant
414,Madella,Othen,mothenbh@unc.edu,Female,Biostatistician II
415,Brandy,Brockman,bbrockmanbi@macromedia.com,Genderqueer,Social Worker
416,Olympie,Sankey,osankeybj@craigslist.org,Female,Technical Writer
417,Timmy,Lowensohn,tlowensohnbk@51.la,Genderfluid,Assistant Media Planner
418,Guido,Crosskell,gcrosskellbl@aol.com,Male,Environmental Tech
419,Ronnie,Waterhouse,rwaterhousebm@dyndns.org,Female,Internal Auditor
420,Tiffie,Hounsom,thounsombn@yandex.ru,Female,Technical Writer
421,Gabe,Rameau,grameaubo@noaa.gov,Male,Technical Writer
422,Brewster,Doblin,bdoblinbp@reference.com,Male,Product Engineer
423,Mersey,Perrigo,mperrigobq@wp.com,Female,Database Administrator II
424,Vivie,Pretley,vpretleybr@1und1.de,Female,Dental Hygienist
425,Melloney,Nicholas,mnicholasbs@people.com.cn,Female,Design Engineer
426,Buddy,Tasseler,btasselerbt@whitehouse.gov,Male,Marketing Assistant
427,Caryl,Shwalbe,cshwalbebu@sourceforge.net,Male,Database Administrator II
428,Terrijo,Marner,tmarnerbv@elegantthemes.com,Female,Associate Professor
429,Annabell,Coneybeare,aconeybearebw@hao123.com,Female,Chief Design Engineer
430,Elene,de Tocqueville,edetocquevillebx@tmall.com,Female,Senior Financial Analyst
431,Katrinka,Girke,kgirkeby@indiatimes.com,Female,Paralegal
432,Cori,Berick,cberickbz@intel.com,Female,Office Assistant IV
433,Clint,De la Harpe,cdelaharpec0@shinystat.com,Male,Project Manager
434,Gerik,Schole,gscholec1@wikipedia.org,Male,Budget/Accounting Analyst II
435,Darryl,Maasz,dmaaszc2@webs.com,Female,Physical Therapy Assistant
436,Marlene,Leatham,mleathamc3@theglobeandmail.com,Female,Software Test Engineer III
437,Saleem,Carlos,scarlosc4@yellowbook.com,Bigender,VP Accounting
438,Westley,Ash,washc5@wufoo.com,Male,Research Associate
439,Clarabelle,Fealy,cfealyc6@nih.gov,Female,Project Manager
440,Drew,Ubsdell,dubsdellc7@behance.net,Male,Help Desk Technician
441,Demetrius,Fairfull,dfairfullc8@symantec.com,Male,Nuclear Power Engineer
442,Alfons,Ventum,aventumc9@mayoclinic.com,Male,Speech Pathologist
443,Mortie,Cussons,mcussonsca@studiopress.com,Male,Administrative Assistant IV
444,Monro,Rayworth,mrayworthcb@gnu.org,Male,Food Chemist
445,Alan,Seager,aseagercc@zdnet.com,Male,Developer IV
446,Benedicto,Rosenboim,brosenboimcd@trellian.com,Male,Business Systems Development Analyst
447,Yuma,Lody,ylodyce@unc.edu,Male,Safety Technician III
448,Ruthy,Morffew,rmorffewcf@shareasale.com,Female,Business Systems Development Analyst
449,Randene,Lawfull,rlawfullcg@examiner.com,Female,Information Systems Manager
450,Amberly,Ast,aastch@intel.com,Female,Structural Analysis Engineer
451,Maible,MacParland,mmacparlandci@elpais.com,Female,Social Worker
452,Christopher,Scrowby,cscrowbycj@creativecommons.org,Male,Business Systems Development Analyst
453,Nichole,Zavattieri,nzavattierick@amazon.de,Male,Food Chemist
454,Nathanial,Wharmby,nwharmbycl@bbc.co.uk,Male,Product Engineer
455,Benedikta,Cuchey,bcucheycm@goo.gl,Female,Physical Therapy Assistant
456,Merrick,Samples,msamplescn@csmonitor.com,Male,Director of Sales
457,Edita,Grundell,egrundellco@dmoz.org,Female,Pharmacist
458,Tobe,Minards,tminardscp@mapy.cz,Female,Marketing Assistant
459,Marve,Shewan,mshewancq@gravatar.com,Male,Actuary
460,Candice,Hyland,chylandcr@wikimedia.org,Female,Dental Hygienist
461,Constantine,Groundwator,cgroundwatorcs@reddit.com,Male,Editor
462,Gawen,O'Cosgra,gocosgract@thetimes.co.uk,Male,VP Quality Control
463,Wyatt,Ellison,wellisoncu@google.co.jp,Male,Senior Sales Associate
464,Fax,Espy,fespycv@toplist.cz,Male,General Manager
465,Dallis,Trebbett,dtrebbettcw@walmart.com,Bigender,Marketing Manager
466,Morten,Lamplough,mlamploughcx@theglobeandmail.com,Male,Accounting Assistant I
467,Cathrin,Stockley,cstockleycy@drupal.org,Female,Community Outreach Specialist
468,Dore,Kelbie,dkelbiecz@gravatar.com,Male,Engineer I
469,Henderson,Wolfendell,hwolfendelld0@cmu.edu,Male,VP Product Management
470,Othilie,Cleeves,ocleevesd1@wordpress.com,Polygender,Recruiter
471,Daryl,Francesch,dfranceschd2@pagesperso-orange.fr,Male,Junior Executive
472,Kynthia,Berger,kbergerd3@time.com,Female,Environmental Specialist
473,Lynda,Lodden,lloddend4@huffingtonpost.com,Female,Staff Scientist
474,Cchaddie,Rudeyeard,crudeyeardd5@sitemeter.com,Male,Safety Technician III
475,Rosalynd,Finnimore,rfinnimored6@nps.gov,Female,Legal Assistant
476,Florian,Van den Dael,fvandendaeld7@slideshare.net,Male,Marketing Assistant
477,Federico,Del Dello,fdeldellod8@cocolog-nifty.com,Male,Structural Analysis Engineer
478,Ozzie,Follen,ofollend9@usatoday.com,Male,Pharmacist
479,Scotty,Cullington,scullingtonda@slate.com,Male,Information Systems Manager
480,Cyrille,Terrazzo,cterrazzodb@fc2.com,Male,Software Engineer II
481,Gabriele,Eckert,geckertdc@posterous.com,Male,Office Assistant IV
482,Wilt,Hugonet,whugonetdd@prlog.org,Male,Electrical Engineer
483,Leah,Smylie,lsmyliede@sohu.com,Female,Nuclear Power Engineer
484,Miguel,Chellingworth,mchellingworthdf@hubpages.com,Male,Teacher
485,Dallon,Lovewell,dlovewelldg@jigsy.com,Male,VP Product Management
486,Neely,Grocutt,ngrocuttdh@addthis.com,Polygender,Social Worker
487,Wildon,Collett,wcollettdi@github.io,Male,Human Resources Assistant III
488,Norry,Meeny,nmeenydj@indiatimes.com,Polygender,Web Developer I
489,Arv,Oleshunin,aoleshunindk@themeforest.net,Male,Cost Accountant
490,Jan,Winspur,jwinspurdl@ox.ac.uk,Male,Social Worker
491,Nial,Earpe,nearpedm@dailymail.co.uk,Male,Health Coach II
492,Fairleigh,Lucy,flucydn@plala.or.jp,Male,Web Developer II
493,Reiko,Baddeley,rbaddeleydo@geocities.jp,Female,VP Sales
494,Lemmie,Ells,lellsdp@sciencedirect.com,Male,Food Chemist
495,Amandie,Giovanni,agiovannidq@nps.gov,Female,Account Representative II
496,Erv,Duff,eduffdr@smugmug.com,Male,Design Engineer
497,Tony,Guerrazzi,tguerrazzids@unblog.fr,Female,Legal Assistant
498,Ede,Lurcock,elurcockdt@discuz.net,Female,Software Consultant
499,Nissa,Rookwell,nrookwelldu@theglobeandmail.com,Female,Help Desk Operator
500,Diandra,Barthrop,dbarthropdv@usa.gov,Female,Administrative Assistant II
501,Caron,Gaymar,cgaymardw@bluehost.com,Female,Human Resources Manager
502,Edward,Treasaden,etreasadendx@bizjournals.com,Male,Structural Engineer
503,Sibyl,Kitchener,skitchenerdy@nasa.gov,Female,VP Product Management
504,Bradly,Woodcock,bwoodcockdz@jugem.jp,Male,Senior Cost Accountant
505,Philly,Headings,pheadingse0@pagesperso-orange.fr,Female,Desktop Support Technician
506,Penrod,Crees,pcreese1@cmu.edu,Male,Information Systems Manager
507,Kylila,Esposito,kespositoe2@sourceforge.net,Female,Geological Engineer
508,Ker,MacKaile,kmackailee3@about.me,Male,Budget/Accounting Analyst II
509,Adele,Fanshawe,afanshawee4@bing.com,Female,Developer I
510,Conrado,Blaw,cblawe5@themeforest.net,Male,Senior Quality Engineer
511,Celinka,Lenthall,clenthalle6@google.com.hk,Genderqueer,VP Quality Control
512,Clemmy,Tidbald,ctidbalde7@nifty.com,Female,Assistant Manager
513,Gustie,McClunaghan,gmcclunaghane8@youtube.com,Female,Software Engineer I
514,Laird,Tookill,ltookille9@businesswire.com,Male,Staff Accountant I
515,Christyna,Jeaves,cjeavesea@hc360.com,Female,Sales Associate
516,Ilsa,Ellicombe,iellicombeeb@statcounter.com,Female,Statistician I
517,Erhard,Kierans,ekieransec@bloglines.com,Male,Account Representative II
518,Pet,Veracruysse,pveracruysseed@mashable.com,Female,Executive Secretary
519,Marlena,Duddan,mduddanee@barnesandnoble.com,Female,Research Nurse
520,Haydon,Ree,hreeef@twitter.com,Male,Computer Systems Analyst IV
521,Alain,Bampford,abampfordeg@slideshare.net,Male,Product Engineer
522,Kary,Gritten,kgritteneh@hao123.com,Female,Office Assistant II
523,Gardy,Oakwell,goakwellei@harvard.edu,Genderqueer,General Manager
524,Christophorus,Laterza,claterzaej@ask.com,Male,Clinical Specialist
525,Chadd,Nend,cnendek@webs.com,Male,Tax Accountant
526,Nichole,Boatwright,nboatwrightel@w3.org,Male,Biostatistician III
527,Hobie,Domenici,hdomeniciem@slideshare.net,Male,Analyst Programmer
528,Kale,Medd,kmedden@dropbox.com,Male,Senior Quality Engineer
529,Kit,Starkings,kstarkingseo@usgs.gov,Female,Programmer III
530,Hana,Whordley,hwhordleyep@cnet.com,Agender,Executive Secretary
531,Tremaine,Plews,tplewseq@wikimedia.org,Male,Analog Circuit Design manager
532,Roseline,Wainman,rwainmaner@wsj.com,Female,Graphic Designer
533,Kalindi,Dasent,kdasentes@weibo.com,Female,Software Consultant
534,Rex,Cettell,rcettellet@livejournal.com,Male,Product Engineer
535,Glyn,Stellino,gstellinoeu@photobucket.com,Bigender,Staff Accountant III
536,Nita,Franceschelli,nfranceschelliev@dailymail.co.uk,Female,Structural Engineer
537,Dalton,Jedrzej,djedrzejew@live.com,Male,Graphic Designer
538,Erminie,Follan,efollanex@stanford.edu,Female,Accountant I
539,Blake,Veltmann,bveltmanney@mac.com,Female,Junior Executive
540,Ingelbert,Meynell,imeynellez@webmd.com,Male,Operator
541,Ilka,Strangman,istrangmanf0@reference.com,Female,Professor
542,Cleavland,Duerden,cduerdenf1@canalblog.com,Male,Web Designer II
543,Susie,Danilyuk,sdanilyukf2@jimdo.com,Genderqueer,Dental Hygienist
544,Thalia,Gilstoun,tgilstounf3@csmonitor.com,Female,Environmental Tech
545,Max,Chaddock,mchaddockf4@spotify.com,Female,Nurse
546,Cookie,Crellin,ccrellinf5@livejournal.com,Female,Software Engineer I
547,Shepard,Laurie,slaurief6@accuweather.com,Male,Clinical Specialist
548,Jelene,Ganforth,jganforthf7@goo.gl,Female,Senior Cost Accountant
549,Jolie,Runnett,jrunnettf8@imageshack.us,Female,Teacher
550,Carree,Gerb,cgerbf9@weather.com,Genderfluid,Recruiting Manager
551,Kriste,Cooch,kcoochfa@bluehost.com,Female,Teacher
552,Nolly,Eastbrook,neastbrookfb@technorati.com,Male,GIS Technical Architect
553,Nissa,Kimbly,nkimblyfc@mozilla.org,Female,Media Manager II
554,Hildy,Johnke,hjohnkefd@wunderground.com,Female,Research Associate
555,Archibaldo,Jepp,ajeppfe@clickbank.net,Male,Graphic Designer
556,Even,Putton,eputtonff@google.de,Male,Systems Administrator III
557,Rivalee,Tolle,rtollefg@msu.edu,Female,Community Outreach Specialist
558,Maribel,Dockreay,mdockreayfh@house.gov,Female,Structural Engineer
559,Marcel,Harmston,mharmstonfi@discovery.com,Non-binary,Accountant II
560,Katie,Jennison,kjennisonfj@slate.com,Agender,Programmer IV
561,Emilie,Allso,eallsofk@usgs.gov,Female,Research Nurse
562,Samara,Ahlin,sahlinfl@europa.eu,Female,Marketing Manager
563,Chen,Deares,cdearesfm@yale.edu,Male,Internal Auditor
564,Cammie,Bauer,cbauerfn@twitter.com,Female,Programmer Analyst I
565,Christophorus,Jurs,cjursfo@nsw.gov.au,Male,Tax Accountant
566,Sebastien,Brauner,sbraunerfp@fema.gov,Male,Software Test Engineer II
567,Gus,Norwich,gnorwichfq@ed.gov,Female,Database Administrator I
568,Kala,Lunt,kluntfr@comcast.net,Female,Financial Analyst
569,Demeter,Stores,dstoresfs@marketwatch.com,Genderqueer,Accounting Assistant II
570,Barri,Wagnerin,bwagnerinft@soundcloud.com,Male,VP Sales
571,Tresa,Gauche,tgauchefu@webs.com,Female,Office Assistant III
572,Brodie,Smuth,bsmuthfv@fc2.com,Male,Dental Hygienist
573,Cassi,Beynke,cbeynkefw@reuters.com,Female,Product Engineer
574,Margaretha,Leser,mleserfx@house.gov,Female,Chief Design Engineer
575,Gloriane,Partridge,gpartridgefy@unblog.fr,Female,Senior Cost Accountant
576,Eunice,Priestland,epriestlandfz@macromedia.com,Genderqueer,VP Marketing
577,Erna,Sarrell,esarrellg0@sciencedirect.com,Female,Social Worker
578,Rachel,Detloff,rdetloffg1@msn.com,Female,Structural Analysis Engineer
579,Peterus,Extill,pextillg2@vk.com,Male,Biostatistician II
580,Ronalda,Tipperton,rtippertong3@google.cn,Female,Assistant Manager
581,Willi,Mullally,wmullallyg4@tuttocitta.it,Female,Senior Editor
582,Libbie,Romeuf,lromeufg5@sciencedaily.com,Female,Financial Advisor
583,Fritz,Cargill,fcargillg6@angelfire.com,Male,Chief Design Engineer
584,Sylas,Morgen,smorgeng7@intel.com,Male,Professor
585,Pollyanna,Geraud,pgeraudg8@youtu.be,Genderfluid,Junior Executive
586,Eric,O'Lunney,eolunneyg9@shareasale.com,Male,Structural Analysis Engineer
587,Julianne,Bastie,jbastiega@artisteer.com,Female,Clinical Specialist
588,Halli,Alvin,halvingb@state.gov,Female,Food Chemist
589,Judy,Reede,jreedegc@github.io,Female,Associate Professor
590,Mischa,Drakeley,mdrakeleygd@ehow.com,Male,Executive Secretary
591,Loree,Craise,lcraisege@dmoz.org,Female,GIS Technical Architect
592,Conant,Bownes,cbownesgf@jimdo.com,Male,Assistant Media Planner
593,Whitman,Livingstone,wlivingstonegg@cnbc.com,Male,Account Executive
594,Claudine,Brambill,cbrambillgh@behance.net,Female,Senior Financial Analyst
595,Todd,Girardey,tgirardeygi@webs.com,Male,Sales Associate
596,Cathryn,Botham,cbothamgj@youku.com,Female,Business Systems Development Analyst
597,Caesar,Iaduccelli,ciaduccelligk@columbia.edu,Male,Accountant II
598,Elissa,Tallent,etallentgl@dmoz.org,Female,Developer I
599,Bonnibelle,Suston,bsustongm@illinois.edu,Female,Software Consultant
600,Boy,Dancy,bdancygn@yelp.com,Male,Geological Engineer
601,Rurik,Oldershaw,roldershawgo@comsenz.com,Male,Design Engineer
602,Cindy,Swadlinge,cswadlingegp@zimbio.com,Female,Speech Pathologist
603,Falito,Capstaff,fcapstaffgq@ehow.com,Genderqueer,Administrative Officer
604,Hale,Hairs,hhairsgr@house.gov,Male,Project Manager
605,Natividad,Writer,nwritergs@bizjournals.com,Female,General Manager
606,Thornton,Vedntyev,tvedntyevgt@nyu.edu,Male,Senior Developer
607,Christoffer,Antoniou,cantoniougu@people.com.cn,Male,Mechanical Systems Engineer
608,Inge,Seeley,iseeleygv@mtv.com,Agender,Web Designer III
609,Kayne,Cartmill,kcartmillgw@fastcompany.com,Male,Sales Associate
610,Willdon,Endrizzi,wendrizzigx@ucla.edu,Male,Internal Auditor
611,Michele,Tuckey,mtuckeygy@skype.com,Female,Help Desk Operator
612,Hyacinthia,Burrell,hburrellgz@altervista.org,Female,Structural Engineer
613,Tom,Cheverell,tcheverellh0@ft.com,Male,Data Coordinator
614,Vinny,Harcase,vharcaseh1@prnewswire.com,Male,Analyst Programmer
615,Ingmar,Maslen,imaslenh2@dell.com,Male,Legal Assistant
616,Mareah,Goldfinch,mgoldfinchh3@hostgator.com,Female,Programmer Analyst III
617,Claudelle,O' Hanvey,cohanveyh4@opensource.org,Female,Developer IV
618,Hermon,Leadbetter,hleadbetterh5@ask.com,Male,Software Engineer II
619,Darsey,Wenn,dwennh6@hud.gov,Bigender,Executive Secretary
620,Anastasia,Zecchetti,azecchettih7@indiegogo.com,Female,Automation Specialist II
621,Brew,Kauscher,bkauscherh8@oracle.com,Male,Engineer I
622,Erena,Lesek,elesekh9@parallels.com,Female,Clinical Specialist
623,Cal,Barnewall,cbarnewallha@51.la,Female,Quality Engineer
624,Tiphany,Corzor,tcorzorhb@whitehouse.gov,Female,Paralegal
625,Jodie,Shulver,jshulverhc@statcounter.com,Agender,Structural Engineer
626,Krishna,Hamor,khamorhd@usa.gov,Male,Administrative Assistant II
627,Whit,Lowless,wlowlesshe@privacy.gov.au,Male,Legal Assistant
628,Evered,Lanyon,elanyonhf@paypal.com,Male,Recruiting Manager
629,Lock,Sirey,lsireyhg@google.nl,Agender,Occupational Therapist
630,Wallas,Munton,wmuntonhh@washington.edu,Male,Account Representative IV
631,Anabelle,Hegg,ahegghi@mlb.com,Female,Environmental Tech
632,Harriot,Hiseman,hhisemanhj@amazon.com,Female,Geological Engineer
633,Gayelord,Slee,gsleehk@com.com,Male,Programmer I
634,Page,Grishenkov,pgrishenkovhl@dedecms.com,Female,Senior Editor
635,Berny,Stretton,bstrettonhm@slideshare.net,Male,Product Engineer
636,Rolland,Tames,rtameshn@columbia.edu,Genderqueer,Human Resources Manager
637,Frannie,Ruffell,fruffellho@rediff.com,Male,Assistant Manager
638,Sydney,Tremaine,stremainehp@wsj.com,Male,Paralegal
639,Edithe,Hause,ehausehq@admin.ch,Female,Geological Engineer
640,Philbert,Mish,pmishhr@latimes.com,Male,VP Quality Control
641,Gay,Spurrier,gspurrierhs@bizjournals.com,Female,Software Consultant
642,Felizio,Million,fmillionht@1und1.de,Male,Staff Accountant IV
643,Eden,Gollard,egollardhu@dagondesign.com,Female,Desktop Support Technician
644,Joanna,Simoneau,jsimoneauhv@craigslist.org,Female,Registered Nurse
645,Sidoney,Vasilik,svasilikhw@paypal.com,Female,VP Marketing
646,Gaylord,Langer,glangerhx@hp.com,Male,Quality Control Specialist
647,Rozalin,Clemoes,rclemoeshy@constantcontact.com,Non-binary,Recruiter
648,Margot,Fiddy,mfiddyhz@chronoengine.com,Female,VP Product Management
649,Thomas,Jerrim,tjerrimi0@irs.gov,Male,Executive Secretary
650,Bren,Purslow,bpurslowi1@discovery.com,Female,Professor
651,Melvin,Gulvin,mgulvini2@1688.com,Male,Software Consultant
652,Jania,Redwin,jredwini3@walmart.com,Female,Quality Control Specialist
653,Arlee,Tafani,atafanii4@ed.gov,Genderqueer,Quality Engineer
654,Ruben,Loughlan,rloughlani5@instagram.com,Male,Systems Administrator II
655,Zelda,Cranham,zcranhami6@ezinearticles.com,Female,Nuclear Power Engineer
656,Glenden,Levensky,glevenskyi7@wix.com,Male,Safety Technician IV
657,Arly,Minchinton,aminchintoni8@amazon.co.jp,Female,Automation Specialist II
658,Goober,Skatcher,gskatcheri9@vistaprint.com,Male,Statistician IV
659,Lavinie,I'anson,liansonia@noaa.gov,Female,Research Assistant II
660,Robinette,Napthine,rnapthineib@vinaora.com,Female,Nuclear Power Engineer
661,Farrah,Santus,fsantusic@ucoz.ru,Female,Biostatistician I
662,Bobbette,Liepmann,bliepmannid@cmu.edu,Female,Web Developer IV
663,Steffen,Doby,sdobyie@opensource.org,Male,GIS Technical Architect
664,Sophia,Wigg,swiggif@moonfruit.com,Female,Human Resources Assistant I
665,Byran,Pybworth,bpybworthig@yolasite.com,Male,Database Administrator II
666,Eydie,Just,ejustih@google.nl,Female,Quality Engineer
667,Ash,Abbatt,aabbattii@gizmodo.com,Male,Engineer III
668,Gawen,Kevern,gkevernij@myspace.com,Male,Senior Sales Associate
669,Constantin,Scalera,cscaleraik@hud.gov,Male,Actuary
670,Augie,Mosedale,amosedaleil@wordpress.com,Male,Help Desk Technician
671,Wade,Livingston,wlivingstonim@flickr.com,Male,Assistant Professor
672,Rickey,Ruperti,rrupertiin@ocn.ne.jp,Male,Mechanical Systems Engineer
673,Lonni,Braiden,lbraidenio@cdc.gov,Female,Software Engineer IV
674,Griff,Ciottoi,gciottoiip@wired.com,Male,Accountant IV
675,Marsha,Fronzek,mfronzekiq@bing.com,Female,Social Worker
676,Nesta,Triggol,ntriggolir@spotify.com,Female,Pharmacist
677,Davy,Swiffen,dswiffenis@wiley.com,Male,Professor
678,Mayer,Goroni,mgoroniit@github.io,Male,Database Administrator I
679,Eustace,Beckenham,ebeckenhamiu@geocities.com,Male,Marketing Manager
680,Gracia,Kaas,gkaasiv@joomla.org,Female,Physical Therapy Assistant
681,Daisie,Doughtery,ddoughteryiw@whitehouse.gov,Genderqueer,Help Desk Operator
682,Lianna,Davitti,ldavittiix@example.com,Female,Nurse Practicioner
683,Dane,Ponter,dponteriy@redcross.org,Male,Staff Scientist
684,Jarred,Weymont,jweymontiz@sina.com.cn,Male,Assistant Professor
685,Carita,McDaid,cmcdaidj0@salon.com,Polygender,Paralegal
686,Reggis,Kristiansen,rkristiansenj1@theglobeandmail.com,Male,Desktop Support Technician
687,Colene,Winson,cwinsonj2@prweb.com,Female,Internal Auditor
688,Corrie,Bentjens,cbentjensj3@shop-pro.jp,Female,Occupational Therapist
689,Minerva,Woodington,mwoodingtonj4@nbcnews.com,Female,GIS Technical Architect
690,Xylia,Danieli,xdanielij5@bbc.co.uk,Female,Editor
691,Dede,O'Drought,dodroughtj6@fotki.com,Female,Accounting Assistant II
692,Celka,Danielski,cdanielskij7@patch.com,Female,Civil Engineer
693,Rozella,Bickerdicke,rbickerdickej8@independent.co.uk,Female,Senior Quality Engineer
694,Robers,Durden,rdurdenj9@uol.com.br,Male,Marketing Manager
695,King,Lemon,klemonja@is.gd,Male,Senior Financial Analyst
696,Dennison,Juliano,djulianojb@miitbeian.gov.cn,Male,Cost Accountant
697,Janka,Perring,jperringjc@dropbox.com,Female,Librarian
698,Cindie,Lyfield,clyfieldjd@bandcamp.com,Female,Civil Engineer
699,Idelle,Drain,idrainje@ftc.gov,Female,Registered Nurse
700,Ora,Screas,oscreasjf@time.com,Female,Recruiting Manager
701,Peggy,Rosenthaler,prosenthalerjg@themeforest.net,Female,Junior Executive
702,Danica,Monard,dmonardjh@cloudflare.com,Female,Registered Nurse
703,Cleveland,Greene,cgreeneji@google.pl,Male,Research Associate
704,Tandy,Goodacre,tgoodacrejj@whitehouse.gov,Female,Tax Accountant
705,Farlie,Priestman,fpriestmanjk@nationalgeographic.com,Male,Statistician IV
706,Cobby,Di Francesco,cdifrancescojl@cloudflare.com,Male,Technical Writer
707,Marmaduke,Cleworth,mcleworthjm@ox.ac.uk,Male,Paralegal
708,Lyndsey,Garnul,lgarnuljn@wisc.edu,Female,Business Systems Development Analyst
709,Odille,Mackett,omackettjo@weibo.com,Female,Marketing Assistant
710,Catherin,Ruler,crulerjp@infoseek.co.jp,Female,VP Product Management
711,Celeste,Renouf,crenoufjq@smugmug.com,Female,Database Administrator I
712,Ardyth,Kirvin,akirvinjr@xinhuanet.com,Non-binary,Budget/Accounting Analyst I
713,Noellyn,Verzey,nverzeyjs@google.es,Agender,Research Nurse
714,Lindon,Heardman,lheardmanjt@comcast.net,Male,Nuclear Power Engineer
715,Janeczka,Mariolle,jmariolleju@marriott.com,Female,Dental Hygienist
716,Nickolas,Gooble,ngooblejv@addthis.com,Male,Quality Engineer
717,Libbi,Butting,lbuttingjw@networkadvertising.org,Female,Environmental Specialist
718,Margarete,Cromar,mcromarjx@fotki.com,Female,Paralegal
719,Auria,Monketon,amonketonjy@auda.org.au,Female,Sales Associate
720,Von,Bris,vbrisjz@spotify.com,Male,Staff Accountant II
721,Chrisy,Jozwiak,cjozwiakk0@reverbnation.com,Male,Office Assistant III
722,Keir,Habens,khabensk1@psu.edu,Male,Senior Developer
723,Ruddy,Collet,rcolletk2@ebay.co.uk,Male,VP Quality Control
724,Ellswerth,Brocklebank,ebrocklebankk3@godaddy.com,Male,Chemical Engineer
725,Ellis,Spiring,espiringk4@ucoz.ru,Male,Desktop Support Technician
726,Franklin,Antoszczyk,fantoszczykk5@scientificamerican.com,Genderfluid,Assistant Manager
727,Sherwin,Cadwaladr,scadwaladrk6@unblog.fr,Male,Teacher
728,Maddie,Kolodziej,mkolodziejk7@cornell.edu,Female,Health Coach I
729,Leigh,De Beauchemp,ldebeauchempk8@nbcnews.com,Male,Engineer I
730,Korey,Cansdale,kcansdalek9@nifty.com,Male,Senior Developer
731,Ruthy,Ellesworth,rellesworthka@gnu.org,Female,GIS Technical Architect
732,Kelsy,Campsall,kcampsallkb@blogtalkradio.com,Female,Financial Advisor
733,Paulita,Hinge,phingekc@biblegateway.com,Female,Systems Administrator I
734,Lynnell,Assad,lassadkd@dailymotion.com,Female,Office Assistant I
735,Fanchon,Zanni,fzannike@whitehouse.gov,Female,Engineer IV
736,Jacquie,Wilds,jwildskf@nps.gov,Female,Research Nurse
737,Gavra,Renzini,grenzinikg@un.org,Genderqueer,Computer Systems Analyst III
738,Granny,Burgoine,gburgoinekh@bbc.co.uk,Male,Registered Nurse
739,Der,Manders,dmanderski@toplist.cz,Male,Safety Technician II
740,Ashley,Swynley,aswynleykj@homestead.com,Female,VP Accounting
741,Anastasia,Bruyns,abruynskk@flavors.me,Agender,Executive Secretary
742,Alonso,Grummitt,agrummittkl@digg.com,Non-binary,Analog Circuit Design manager
743,Elysha,Gierardi,egierardikm@bloomberg.com,Female,Community Outreach Specialist
744,Annamaria,Edmonson,aedmonsonkn@house.gov,Female,Paralegal
745,Fidela,Huyhton,fhuyhtonko@upenn.edu,Female,Senior Sales Associate
746,Brandie,Lamborne,blambornekp@e-recht24.de,Female,GIS Technical Architect
747,Alvin,Scinelli,ascinellikq@omniture.com,Male,Food Chemist
748,Nealy,Bjerkan,nbjerkankr@dedecms.com,Male,VP Accounting
749,Dorotea,Turbill,dturbillks@sogou.com,Female,Nurse Practicioner
750,Rosanna,Haggarth,rhaggarthkt@elpais.com,Female,Account Coordinator
751,Phil,Rayner,praynerku@multiply.com,Male,Payment Adjustment Coordinator
752,Taylor,Gynn,tgynnkv@home.pl,Male,Community Outreach Specialist
753,Ram,Wyldish,rwyldishkw@nyu.edu,Male,Research Assistant I
754,Viviyan,Cramond,vcramondkx@google.fr,Female,Electrical Engineer
755,Letisha,Kensington,lkensingtonky@ameblo.jp,Female,Software Consultant
756,Anita,Sworder,asworderkz@eepurl.com,Female,Junior Executive
757,Maddy,Cabena,mcabenal0@harvard.edu,Female,Administrative Assistant II
758,Jarad,Bankes,jbankesl1@about.com,Male,Nuclear Power Engineer
759,Dyna,Trassler,dtrasslerl2@dagondesign.com,Agender,Quality Control Specialist
760,Moll,Dealey,mdealeyl3@parallels.com,Bigender,Junior Executive
761,Barde,Phant,bphantl4@wikipedia.org,Male,Statistician II
762,Dodie,Tyzack,dtyzackl5@smh.com.au,Female,VP Quality Control
763,Gayleen,Sillito,gsillitol6@stanford.edu,Polygender,Senior Financial Analyst
764,Ransell,McCloughlin,rmccloughlinl7@fema.gov,Male,Senior Cost Accountant
765,Aprilette,Ramelot,aramelotl8@jimdo.com,Female,Safety Technician IV
766,Forester,Biskupiak,fbiskupiakl9@discuz.net,Male,Associate Professor
767,Rona,Petyankin,rpetyankinla@bluehost.com,Female,Business Systems Development Analyst
768,Kenn,Dannel,kdannellb@uol.com.br,Male,Paralegal
769,Trina,Portlock,tportlocklc@berkeley.edu,Female,Financial Advisor
770,Cleavland,Manchett,cmanchettld@adobe.com,Male,Help Desk Operator
771,Jennette,Fetter,jfetterle@symantec.com,Agender,Marketing Manager
772,Kerrie,Munnings,kmunningslf@addtoany.com,Female,Assistant Professor
773,Devlin,Levay,dlevaylg@nps.gov,Male,Nurse Practicioner
774,Evanne,Warlowe,ewarlowelh@hhs.gov,Female,Paralegal
775,Melitta,Harrold,mharroldli@forbes.com,Female,Structural Engineer
776,Flossi,Leven,flevenlj@cmu.edu,Female,Database Administrator III
777,Ulrick,Burmaster,uburmasterlk@walmart.com,Male,Product Engineer
778,Marlee,Scammell,mscammellll@posterous.com,Female,Web Designer III
779,Sayers,Ewert,sewertlm@unblog.fr,Male,Dental Hygienist
780,Jeanette,Milligan,jmilliganln@blogger.com,Female,Analog Circuit Design manager
781,Royce,Caldwell,rcaldwelllo@friendfeed.com,Male,Media Manager III
782,Dulsea,Joselevitch,djoselevitchlp@sun.com,Female,Nurse
783,Idalia,Roderighi,iroderighilq@census.gov,Female,VP Accounting
784,Ardys,Groucock,agroucocklr@biblegateway.com,Female,Tax Accountant
785,Gabi,Sinfield,gsinfieldls@stanford.edu,Male,Librarian
786,Almira,Cupitt,acupittlt@dropbox.com,Bigender,Research Nurse
787,Ezra,Hillaby,ehillabylu@github.com,Male,Office Assistant I
788,Olympia,Seaborne,oseabornelv@google.es,Female,Design Engineer
789,Pascale,Rogan,proganlw@techcrunch.com,Male,Web Designer III
790,Darell,Capponer,dcapponerlx@thetimes.co.uk,Female,Paralegal
791,Preston,Chelnam,pchelnamly@wiley.com,Male,Clinical Specialist
792,Carolan,Lanham,clanhamlz@dropbox.com,Female,Occupational Therapist
793,Hillard,Tilne,htilnem0@merriam-webster.com,Male,Sales Representative
794,Kain,Duffitt,kduffittm1@about.com,Male,Administrative Officer
795,Dick,Kitley,dkitleym2@usda.gov,Male,VP Accounting
796,Towny,Matteoli,tmatteolim3@netvibes.com,Male,Software Engineer II
797,Kristyn,Scarce,kscarcem4@domainmarket.com,Female,Marketing Manager
798,Karin,Gilby,kgilbym5@123-reg.co.uk,Non-binary,Research Assistant I
799,Jaclin,Auston,jaustonm6@foxnews.com,Female,Senior Cost Accountant
800,Talbot,Haselgrove,thaselgrovem7@statcounter.com,Male,Web Developer I
801,Vassily,Shortcliffe,vshortcliffem8@gov.uk,Male,Financial Analyst
802,Waldon,Beal,wbealm9@google.it,Male,Electrical Engineer
803,Cati,Seaton,cseatonma@wikipedia.org,Female,Financial Advisor
804,Roth,Veld,rveldmb@huffingtonpost.com,Male,Developer IV
805,Nikita,Kett,nkettmc@diigo.com,Male,Budget/Accounting Analyst IV
806,Corny,Baldack,cbaldackmd@usnews.com,Female,Financial Analyst
807,Clark,Lindell,clindellme@home.pl,Agender,Geological Engineer
808,Mag,Pecha,mpechamf@dion.ne.jp,Female,Administrative Officer
809,Corine,Detloff,cdetloffmg@wix.com,Female,Pharmacist
810,Hernando,Deporte,hdeportemh@nps.gov,Male,Software Test Engineer IV
811,Abba,Hadingham,ahadinghammi@skype.com,Male,Research Associate
812,Anestassia,Kits,akitsmj@tuttocitta.it,Female,Civil Engineer
813,Desirae,Gwinnett,dgwinnettmk@apache.org,Female,Biostatistician IV
814,Brandtr,Fludgate,bfludgateml@weibo.com,Male,Computer Systems Analyst IV
815,Marthena,Empringham,mempringhammm@nhs.uk,Female,Sales Associate
816,Sarah,Koppke,skoppkemn@gov.uk,Female,Research Associate
817,Yvon,Kamena,ykamenamo@nyu.edu,Genderqueer,Senior Quality Engineer
818,Karlie,Cash,kcashmp@nps.gov,Female,Assistant Professor
819,Deirdre,Osorio,dosoriomq@i2i.jp,Female,VP Accounting
820,Dru,Kohen,dkohenmr@blogs.com,Male,Developer III
821,Isidor,Shorthill,ishorthillms@cdbaby.com,Male,Professor
822,Beulah,Margerison,bmargerisonmt@google.fr,Female,Nurse
823,Gnni,Reilinger,greilingermu@opensource.org,Female,Project Manager
824,Kelsey,Bentame,kbentamemv@patch.com,Female,Senior Developer
825,Auguste,Denmead,adenmeadmw@webmd.com,Female,GIS Technical Architect
826,Kellen,Keesman,kkeesmanmx@github.com,Female,Financial Advisor
827,Patton,Gelling,pgellingmy@engadget.com,Male,Sales Representative
828,Mannie,Longstaff,mlongstaffmz@hexun.com,Male,Recruiting Manager
829,Rikki,Truce,rtrucen0@photobucket.com,Female,Business Systems Development Analyst
830,Etan,Charlet,echarletn1@reverbnation.com,Male,Systems Administrator II
831,Pansie,Townend,ptownendn2@utexas.edu,Female,Developer IV
832,Stanfield,Stailey,sstaileyn3@mapy.cz,Male,Accountant IV
833,Odilia,Bohlens,obohlensn4@free.fr,Female,Information Systems Manager
834,Katuscha,Foystone,kfoystonen5@senate.gov,Female,Information Systems Manager
835,Dyan,Chasle,dchaslen6@twitpic.com,Female,Mechanical Systems Engineer
836,Dodie,Monnoyer,dmonnoyern7@independent.co.uk,Female,Business Systems Development Analyst
837,Humbert,Swancock,hswancockn8@sakura.ne.jp,Male,Computer Systems Analyst IV
838,Delcina,Bickerdike,dbickerdiken9@theatlantic.com,Female,Help Desk Operator
839,Sindee,Rocca,sroccana@vkontakte.ru,Female,Biostatistician IV
840,Gregoire,Ellershaw,gellershawnb@issuu.com,Male,Editor
841,Hedi,Joly,hjolync@psu.edu,Female,Food Chemist
842,Brigham,Ducaen,bducaennd@chron.com,Male,Account Coordinator
843,Gates,Huskisson,ghuskissonne@shinystat.com,Female,Budget/Accounting Analyst II
844,Beverlee,Paynes,bpaynesnf@sfgate.com,Female,Project Manager
845,Karlik,Cullrford,kcullrfordng@webnode.com,Male,Mechanical Systems Engineer
846,Prue,Truett,ptruettnh@redcross.org,Female,Developer II
847,Marwin,Slateford,mslatefordni@creativecommons.org,Male,Design Engineer
848,Robinson,Hurler,rhurlernj@illinois.edu,Male,Nuclear Power Engineer
849,Syd,Cokely,scokelynk@google.fr,Male,Health Coach II
850,Elfrieda,Elvy,eelvynl@mtv.com,Female,Geologist III
851,Christoforo,Toyer,ctoyernm@illinois.edu,Male,Staff Accountant IV
852,Brade,Fasler,bfaslernn@bbb.org,Male,VP Marketing
853,Port,Suston,psustonno@delicious.com,Male,Data Coordinator
854,Matilde,Garter,mgarternp@eepurl.com,Female,Chemical Engineer
855,Dana,Dunley,ddunleynq@upenn.edu,Male,VP Product Management
856,Ernesta,Garton,egartonnr@fda.gov,Female,Actuary
857,Arlana,Kose,akosens@bigcartel.com,Female,Quality Control Specialist
858,Muffin,Mervyn,mmervynnt@bloglovin.com,Male,Geological Engineer
859,Fernande,Bufton,fbuftonnu@microsoft.com,Female,Biostatistician I
860,Hildegarde,Deighton,hdeightonnv@globo.com,Bigender,Cost Accountant
861,Alfie,McKeating,amckeatingnw@tripadvisor.com,Male,Graphic Designer
862,Hazel,Purdy,hpurdynx@spiegel.de,Male,Compensation Analyst
863,Thomasina,Fleg,tflegny@dyndns.org,Female,Teacher
864,Aldridge,Ellerker,aellerkernz@youku.com,Genderfluid,Senior Financial Analyst
865,Karney,Strugnell,kstrugnello0@gov.uk,Agender,Database Administrator I
866,Wildon,Plesing,wplesingo1@howstuffworks.com,Male,Statistician IV
867,Wynnie,Jobling,wjoblingo2@ft.com,Female,Budget/Accounting Analyst III
868,Imogene,Cymper,icympero3@google.cn,Female,Help Desk Technician
869,Shellie,Dafydd,sdafyddo4@ftc.gov,Female,Office Assistant II
870,Granville,Pley,gpleyo5@amazon.co.uk,Male,Recruiting Manager
871,Lyndsey,Riseborough,lriseborougho6@washington.edu,Female,Nuclear Power Engineer
872,Adham,Griffe,agriffeo7@prweb.com,Male,Data Coordinator
873,Rowen,Gooderham,rgooderhamo8@businessinsider.com,Male,Payment Adjustment Coordinator
874,Bartholomeus,Lydford,blydfordo9@stumbleupon.com,Male,Senior Editor
875,Genny,Brant,gbrantoa@alexa.com,Female,Systems Administrator I
876,Kelcie,Parsonage,kparsonageob@scribd.com,Female,Sales Associate
877,Vikky,Rawe,vraweoc@ow.ly,Female,Clinical Specialist
878,Lind,Ginner,lginnerod@homestead.com,Male,Research Nurse
879,Lana,De Winton,ldewintonoe@cyberchimps.com,Genderfluid,VP Product Management
880,Eugenius,Pawelec,epawelecof@lulu.com,Male,Data Coordinator
881,Will,Mation,wmationog@squidoo.com,Polygender,Senior Developer
882,Ewell,Lettsom,elettsomoh@pcworld.com,Bigender,Paralegal
883,Caz,Munehay,cmunehayoi@nsw.gov.au,Non-binary,Sales Representative
884,Cheston,Cleife,ccleifeoj@loc.gov,Male,Environmental Tech
885,Curr,Ballinger,cballingerok@about.me,Male,Analyst Programmer
886,Morley,Heminsley,mheminsleyol@elpais.com,Male,Project Manager
887,Egor,Winton,ewintonom@google.com.hk,Male,Developer IV
888,Della,Drinkel,ddrinkelon@cnn.com,Female,Actuary
889,Raquela,Dunbavin,rdunbavinoo@people.com.cn,Female,Financial Analyst
890,Allister,McGahey,amcgaheyop@china.com.cn,Male,Recruiter
891,Auberon,d'Arcy,adarcyoq@alexa.com,Male,Help Desk Technician
892,Heindrick,Hovenden,hhovendenor@joomla.org,Male,Staff Scientist
893,Agnesse,Speed,aspeedos@japanpost.jp,Female,Design Engineer
894,Mathilde,Traill,mtraillot@home.pl,Female,Database Administrator II
895,Skylar,Gillogley,sgillogleyou@telegraph.co.uk,Male,Engineer III
896,Zachary,Crennell,zcrennellov@people.com.cn,Male,Editor
897,Merill,Dowse,mdowseow@bandcamp.com,Male,Health Coach I
898,Gearard,Burnitt,gburnittox@4shared.com,Male,Desktop Support Technician
899,Gearard,Medgewick,gmedgewickoy@dell.com,Male,Accountant IV
900,Ignaz,Hannent,ihannentoz@issuu.com,Male,Recruiting Manager
901,Cami,Blodget,cblodgetp0@yellowbook.com,Female,Geological Engineer
902,Rod,Tupling,rtuplingp1@amazonaws.com,Male,Civil Engineer
903,Fania,Richardes,frichardesp2@yale.edu,Female,Compensation Analyst
904,Anders,Ralfe,aralfep3@ed.gov,Male,Help Desk Technician
905,Lissie,Linsley,llinsleyp4@ted.com,Female,Research Associate
906,Ibby,Tortoishell,itortoishellp5@altervista.org,Female,Nurse Practicioner
907,Raff,Knevett,rknevettp6@soup.io,Male,Administrative Assistant IV
908,Jesse,Hatwell,jhatwellp7@blogs.com,Female,Environmental Tech
909,Alvis,Corrington,acorringtonp8@sakura.ne.jp,Non-binary,Editor
910,Margaretha,Pods,mpodsp9@lycos.com,Agender,Operator
911,Ambrosius,Westmorland,awestmorlandpa@loc.gov,Male,Automation Specialist I
912,Zerk,Scopes,zscopespb@engadget.com,Male,Financial Analyst
913,Casie,Kilroy,ckilroypc@wisc.edu,Female,Business Systems Development Analyst
914,Nolana,Ferraretto,nferrarettopd@ca.gov,Female,Assistant Professor
915,Dannye,Callinan,dcallinanpe@intel.com,Female,Web Developer I
916,Alla,MacGorley,amacgorleypf@vinaora.com,Female,Junior Executive
917,Reena,Kenelin,rkenelinpg@bluehost.com,Female,VP Sales
918,Kissee,Warrior,kwarriorph@163.com,Female,VP Accounting
919,Clayborne,Beniesh,cbenieshpi@hugedomains.com,Male,VP Quality Control
920,Rebekah,McTurley,rmcturleypj@si.edu,Female,Human Resources Manager
921,Simone,Macveigh,smacveighpk@shop-pro.jp,Male,Paralegal
922,Agneta,Sollitt,asollittpl@ocn.ne.jp,Female,Speech Pathologist
923,Audre,Dooney,adooneypm@pbs.org,Female,Dental Hygienist
924,Jacob,Maclean,jmacleanpn@wunderground.com,Genderfluid,Developer I
925,Charyl,Laurens,claurenspo@imdb.com,Female,Web Designer III
926,Meggi,Hamer,mhamerpp@sciencedaily.com,Female,Civil Engineer
927,Imelda,Fones,ifonespq@eepurl.com,Female,Systems Administrator IV
928,Leone,Fortey,lforteypr@nih.gov,Female,Analyst Programmer
929,Barbi,Tyce,btyceps@mtv.com,Female,Accounting Assistant I
930,Myles,Faier,mfaierpt@bloomberg.com,Male,Chief Design Engineer
931,Harv,Whorall,hwhorallpu@globo.com,Male,Geological Engineer
932,Beryl,Carbry,bcarbrypv@bravesites.com,Female,Software Consultant
933,Oren,Parvin,oparvinpw@yellowbook.com,Male,Project Manager
934,Stanford,Minico,sminicopx@sciencedirect.com,Non-binary,Office Assistant II
935,Claudianus,Janak,cjanakpy@ted.com,Male,Staff Scientist
936,Zita,Gergely,zgergelypz@yellowpages.com,Bigender,Editor
937,Tarah,Bolstridge,tbolstridgeq0@posterous.com,Female,Marketing Manager
938,Westleigh,Gianinotti,wgianinottiq1@xinhuanet.com,Male,Budget/Accounting Analyst I
939,Tedman,Stitch,tstitchq2@comsenz.com,Male,Teacher
940,Marja,Aked,makedq3@diigo.com,Female,Assistant Professor
941,Brocky,Verheijden,bverheijdenq4@fc2.com,Male,Statistician IV
942,Xavier,Holburn,xholburnq5@prnewswire.com,Genderqueer,Operator
943,Irma,Frood,ifroodq6@mozilla.org,Female,Registered Nurse
944,Wheeler,Mellonby,wmellonbyq7@sakura.ne.jp,Male,Accounting Assistant IV
945,Barbabra,Falk,bfalkq8@unc.edu,Female,Tax Accountant
946,Ethelda,Gutcher,egutcherq9@reuters.com,Female,Research Associate
947,Davey,Scutcheon,dscutcheonqa@comcast.net,Male,Nurse
948,Pat,Mantrip,pmantripqb@foxnews.com,Male,Media Manager I
949,Stinky,Yukhnin,syukhninqc@va.gov,Male,Dental Hygienist
950,Merl,Royce,mroyceqd@adobe.com,Female,Registered Nurse
951,Aigneis,Breen,abreenqe@vinaora.com,Female,Librarian
952,Juan,Beaford,jbeafordqf@networkadvertising.org,Male,Tax Accountant
953,Eadith,Corp,ecorpqg@reference.com,Female,Account Coordinator
954,Desmund,Meece,dmeeceqh@nhs.uk,Male,Financial Analyst
955,Jessalin,Emberson,jembersonqi@nba.com,Female,Account Coordinator
956,Iolande,Bruyett,ibruyettqj@google.fr,Female,Statistician III
957,Desi,Spong,dspongqk@bluehost.com,Male,Clinical Specialist
958,Chanda,Cranny,ccrannyql@theguardian.com,Female,Account Representative IV
959,Gabbie,MacCaull,gmaccaullqm@cyberchimps.com,Male,VP Marketing
960,Hally,Stockford,hstockfordqn@friendfeed.com,Female,Account Executive
961,Lian,Herche,lhercheqo@mysql.com,Female,Engineer IV
962,Brig,Crosher,bcrosherqp@vkontakte.ru,Male,Legal Assistant
963,Jedediah,Thuillier,jthuillierqq@bloomberg.com,Male,Nuclear Power Engineer
964,Tilda,Mariyushkin,tmariyushkinqr@yolasite.com,Female,Assistant Manager
965,Iolande,Acors,iacorsqs@over-blog.com,Genderqueer,Associate Professor
966,Hannah,Lethlay,hlethlayqt@altervista.org,Female,Help Desk Operator
967,Theodore,Dankersley,tdankersleyqu@linkedin.com,Male,Project Manager
968,Field,Dallman,fdallmanqv@va.gov,Male,Senior Editor
969,Karilynn,Mathewes,kmathewesqw@sphinn.com,Female,Junior Executive
970,Sidonnie,Wiltshier,swiltshierqx@meetup.com,Female,Paralegal
971,Franny,Grute,fgruteqy@java.com,Female,Speech Pathologist
972,Tam,Gull,tgullqz@timesonline.co.uk,Genderqueer,Account Representative I
973,Perceval,Ridd,priddr0@jimdo.com,Male,Legal Assistant
974,Zsa zsa,Hales,zhalesr1@hugedomains.com,Agender,Software Consultant
975,Leanora,Hucklesby,lhucklesbyr2@sciencedaily.com,Agender,Biostatistician IV
976,Raddie,Peddie,rpeddier3@php.net,Male,GIS Technical Architect
977,Betsy,Aliman,balimanr4@delicious.com,Female,Biostatistician II
978,Eugenius,Risebarer,erisebarerr5@goo.ne.jp,Male,Electrical Engineer
979,Rivkah,Leabeater,rleabeaterr6@deliciousdays.com,Female,Editor
980,Lem,Baraclough,lbaracloughr7@cnn.com,Male,Design Engineer
981,Rab,Nussgen,rnussgenr8@altervista.org,Male,Chemical Engineer
982,Brinna,Rizziello,brizziellor9@lulu.com,Female,Structural Engineer
983,Thaxter,Buxey,tbuxeyra@cdbaby.com,Male,Community Outreach Specialist
984,Alvira,Leglise,alegliserb@hc360.com,Female,Payment Adjustment Coordinator
985,Ashien,Hunnisett,ahunnisettrc@exblog.jp,Female,Accounting Assistant II
986,Arnuad,Avraham,aavrahamrd@histats.com,Male,Automation Specialist IV
987,Margot,Arnott,marnottre@smugmug.com,Female,Health Coach II
988,Lottie,Chastney,lchastneyrf@xrea.com,Female,GIS Technical Architect
989,Temple,Charopen,tcharopenrg@ft.com,Male,Sales Representative
990,Carney,Ferronet,cferronetrh@ycombinator.com,Male,Quality Control Specialist
991,Barbee,Ogilby,bogilbyri@opensource.org,Female,VP Accounting
992,Adham,O'Kinedy,aokinedyrj@elpais.com,Male,Food Chemist
993,Davida,Adamik,dadamikrk@google.co.jp,Female,Marketing Assistant
994,Lukas,Brummitt,lbrummittrl@fc2.com,Male,Senior Cost Accountant
995,Irita,Henri,ihenrirm@thetimes.co.uk,Female,Research Assistant I
996,Ruthi,Bucknill,rbucknillrn@hud.gov,Female,Physical Therapy Assistant
997,Madeline,Orro,morroro@qq.com,Female,Programmer Analyst II
998,Jayme,Betteson,jbettesonrp@fema.gov,Female,Staff Accountant III
999,Clark,Lethley,clethleyrq@gov.uk,Male,Product Engineer
1000,Darci,Syrad,dsyradrr@disqus.com,Female,Information Systems Manager
